Comment,Designator,Footprint,LCSC
"10u","C1","Capacitor_SMD:C_0402_1005Metric","C15525"
"20p","C10,C11","Capacitor_SMD:C_0402_1005Metric","C1554"
"4.7u","C2,C3,C9","Capacitor_SMD:C_0402_1005Metric","C23733"
"100n","C4,C5,C6,C7,C8,C12","Capacitor_SMD:C_0402_1005Metric","C1525"
"LED","D1","LED_SMD:LED_0603_1608Metric","C72041"
"1N5819","D2","Diode_SMD:D_SOD-323","C191023"
"1A Fuse","F1","Fuse:Fuse_0805_2012Metric","C135329"
"USB C Connector","J1","stemcell:USB-C-C168688","C2681554"
"Left","J2","stemcell:Pins12",""
"Right","J3","stemcell:Pins12",""
"Down","J4","stemcell:Pins5",""
"TX0","JP1","stemcell:SOLDER_JUMPER_3",""
"RX0","JP2","stemcell:SOLDER_JUMPER_3",""
"SDA","JP3","stemcell:SOLDER_JUMPER_3",""
"SCL","JP4","stemcell:SOLDER_JUMPER_3",""
"TX PUp","JP5","stemcell:SOLDER_JUMPER_3",""
"220","R1","Resistor_SMD:R_0402_1005Metric","C25091"
"5k1","R2,R3","Resistor_SMD:R_0402_1005Metric","C25905"
"2k2","R4","Resistor_SMD:R_0402_1005Metric","C25879"
"4.7k","R5","Resistor_SMD:R_0402_1005Metric","C25900"
"10k","R6,R7,R8","Resistor_SMD:R_0402_1005Metric","C25744"
"Boot0","SW1","Button_Switch_SMD:SW_SPST_CK_KXT3","C319433"
"STM32F4x1CxUx","U1","Package_DFN_QFN:QFN-48-1EP_7x7mm_P0.5mm_EP5.6x5.6mm","C60420"
"XC6220B331MR","U2","Package_TO_SOT_SMD:SOT-23-5","C86534"
"HSE1 8Mhz 12pF","Y1","Crystal:Crystal_SMD_3225-4Pin_3.2x2.5mm","C2682775"
